"Field","Value"
"Name","Zahra Afaghi"
"Location","Khorasan Razavi"
"Phone","09156453932"
"Email","zahraAfaghi@gmail.com"
"Professional Statement","I am a graduate in Statistics with experience in data analysis and the implementation of field projects in this area. I have a particular interest in learning and applying advanced algorithms and modern statistical techniques. My goal is to enhance my skills and experiences and apply them to optimize processes and strategic decision-making in the data analysis industry."
"Education","Bachelor’s Degree in Statistics, Ferdowsi University of Mashhad, Mashhad, Graduation Date: 2025/6/25"
"Work Experience","Position: Data Analyst, Company: Future Data Mining Company, Location: Mashhad, Duration: December 2023 - February 2025, Responsibilities: Analyzing commercial and social data to identify patterns and market trends, providing reports to stakeholders, collaborating with technical teams, designing dashboards using Python and Power BI, and presenting results to senior teams."
"Skills","Data analysis with software such as R, SPSS, Python, and Excel; Proficient in machine learning algorithms and advanced data analysis; Strong communication and teamwork skills; Ability to manage time and prioritize tasks in high-pressure environments."
"Languages","Persian - Native Language; English - Intermediate Proficiency; German - Beginner Proficiency"
"Additional Activities","Participation in Educational Courses: Course on 'Data Analysis and Machine Learning' at Data Science Institute, Tehran (2023); Workshop on 'Advanced Data Analysis' at Innovation and Technology Center of Ferdowsi University (2024); Course on 'Statistical Software' at Technical and Vocational Organization of Khorasan Razavi (2024). Volunteer Activities: Collaborating with the Environment Protection Organization as a data analyst for projects evaluating the natural state of the region, including analyzing water quality and soil pollution data. Facilitating educational programs for youth at a Local Cultural Center to promote awareness about statistics and data analysis, aimed at developing their capabilities."
"References","Professional and academic references will be provided upon request."
